timestamp,minutes_to_explosion,zone,h2s_ppm,co_ppm,pressure_kpa,temperature_c,vibration_ms2,hot_work_permit_active,shift_changeover,confined_space_entry,maintenance_crew_count,compound_risk_score,single_sensor_alarm,compound_alarm
2025-01-10 06:00:00,,D,7.41,13.34,730.9,382.5,0.566,0,0,0,0,0.079,0,0
2025-01-10 06:10:00,,B,8.69,39.35,763.4,370.8,1.362,0,0,0,0,0.1275,0,0
2025-01-10 06:20:00,,A,2.52,40.18,763.0,382.7,0.776,0,0,0,0,0.0769,0,0
2025-01-10 06:30:00,,A,9.68,39.02,763.7,391.7,0.308,0,0,0,0,0.1194,0,0
2025-01-10 06:40:00,,D,6.63,29.81,759.4,407.1,1.348,0,0,0,0,0.0731,0,0
2025-01-10 06:50:00,,D,7.28,42.67,799.8,393.0,0.797,0,0,0,0,0.0609,0,0
2025-01-10 07:00:00,,D,2.97,38.74,777.3,369.7,0.883,0,0,0,0,0.0775,0,0
2025-01-10 07:10:00,,A,3.48,33.51,769.9,387.0,0.58,0,0,0,0,0.0406,0,0
2025-01-10 07:20:00,,A,7.25,50.53,806.3,392.2,1.114,0,0,0,0,0.1285,0,0
2025-01-10 07:30:00,,E,3.94,29.36,810.3,392.3,1.21,0,0,0,0,0.0739,0,0
2025-01-10 07:40:00,,D,8.49,34.86,776.6,383.4,0.672,0,0,0,0,0.0792,0,0
2025-01-10 07:50:00,,D,8.78,49.4,808.8,377.6,1.468,0,0,0,0,0.0696,0,0
2025-01-10 08:00:00,,B,6.31,34.06,804.0,377.0,0.841,0,0,0,0,0.1051,0,0
2025-01-10 08:10:00,,B,2.47,40.99,804.1,370.9,1.002,0,0,0,0,0.144,0,0
2025-01-10 08:20:00,,E,9.14,35.39,826.8,381.3,0.39,0,0,0,0,0.0777,0,0
2025-01-10 08:30:00,,D,8.53,11.98,752.8,367.6,1.235,0,0,0,0,0.0421,0,0
2025-01-10 08:40:00,,A,6.49,31.43,781.2,392.7,1.15,0,0,0,0,0.0574,0,0
2025-01-10 08:50:00,,B,2.5,49.82,787.3,379.1,1.516,0,0,0,0,0.1309,0,0
2025-01-10 09:00:00,,A,3.67,48.29,802.3,377.6,0.947,0,0,0,0,0.0264,0,0
2025-01-10 09:10:00,,E,8.0,46.39,767.3,380.4,1.249,0,0,0,0,0.1198,0,0
2025-01-10 09:20:00,,B,7.44,21.44,740.2,370.5,0.654,0,0,0,0,0.0372,0,0
2025-01-10 09:30:00,,D,6.05,47.41,768.9,386.6,0.652,0,0,0,0,0.035,0,0
2025-01-10 09:40:00,,A,3.43,38.16,831.3,377.7,1.326,0,0,0,0,0.0791,0,0
2025-01-10 09:50:00,,D,6.71,43.85,763.0,382.6,1.339,0,0,0,0,0.0488,0,0
2025-01-10 10:00:00,,A,6.55,36.59,769.6,390.5,0.442,0,0,0,0,0.0705,0,0
2025-01-10 10:10:00,,D,7.82,41.68,774.1,374.4,0.898,0,0,0,0,0.0731,0,0
2025-01-10 10:20:00,,D,2.18,49.91,814.8,390.0,1.427,0,0,0,0,0.0447,0,0
2025-01-10 10:30:00,,A,9.97,44.21,788.0,396.2,1.508,0,0,0,0,0.1223,0,0
2025-01-10 10:40:00,,B,2.56,18.01,779.8,392.4,0.309,0,0,0,0,0.0369,0,0
2025-01-10 10:50:00,,D,8.21,14.65,761.6,385.7,0.616,0,0,0,0,0.0365,0,0
2025-01-10 11:00:00,,E,6.2,38.78,796.7,395.0,0.359,0,0,0,0,0.0878,0,0
2025-01-10 11:10:00,,E,6.44,12.34,772.4,374.7,1.307,0,0,0,0,0.0619,0,0
2025-01-10 11:20:00,,B,2.5,34.17,798.1,381.5,1.091,0,0,0,0,0.1309,0,0
2025-01-10 11:30:00,,B,5.69,41.87,794.3,383.4,0.63,0,0,0,0,0.144,0,0
2025-01-10 11:40:00,,E,2.56,13.6,793.5,374.7,0.962,0,0,0,0,0.066,0,0
2025-01-10 11:50:00,,E,9.15,41.42,764.4,386.3,0.61,0,0,0,0,0.0341,0,0
2025-01-10 12:00:00,,D,2.9,28.12,780.4,374.4,0.913,0,0,0,0,0.1102,0,0
2025-01-10 12:10:00,,A,3.28,37.48,779.6,380.9,0.461,0,0,0,0,0.1023,0,0
2025-01-10 12:20:00,,A,2.6,27.89,757.0,395.5,1.037,0,0,0,0,0.1181,0,0
2025-01-10 12:30:00,,A,7.25,20.25,750.5,379.2,0.796,0,0,0,0,0.0568,0,0
2025-01-10 12:40:00,,E,6.14,51.0,777.2,404.4,1.209,0,0,0,0,0.0847,0,0
2025-01-10 12:50:00,,E,3.49,24.78,758.4,400.9,0.366,0,0,0,0,0.0224,0,0
2025-01-10 13:00:00,,A,8.38,37.23,776.1,380.9,1.174,0,0,0,0,0.1396,0,0
2025-01-10 13:10:00,,A,5.14,13.57,771.5,387.9,1.191,0,0,0,0,0.0299,0,0
2025-01-10 13:20:00,,A,6.43,26.0,780.6,373.2,0.615,0,0,0,0,0.1187,0,0
2025-01-10 13:30:00,,A,3.5,37.49,784.3,390.5,1.031,0,0,0,0,0.1012,0,0
2025-01-10 13:40:00,,D,3.37,22.61,794.0,382.8,0.917,0,0,0,0,0.03,0,0
2025-01-10 13:50:00,,A,7.15,28.41,790.7,375.0,1.113,0,0,0,0,0.0618,0,0
2025-01-10 14:00:00,,E,6.33,41.83,794.9,384.3,0.333,0,0,0,0,0.0881,0,0
2025-01-10 14:10:00,,B,4.18,43.65,806.6,371.2,0.673,0,0,0,0,0.0925,0,0
2025-01-10 14:20:00,,E,4.22,42.92,770.6,385.8,0.774,0,0,0,0,0.071,0,0
2025-01-10 14:30:00,,A,4.41,25.66,738.7,386.6,0.861,0,0,0,0,0.104,0,0
2025-01-10 14:40:00,,E,6.33,48.28,771.8,384.9,0.474,0,0,0,0,0.086,0,0
2025-01-10 14:50:00,,A,7.91,42.82,743.7,374.0,1.293,0,0,0,0,0.1138,0,0
2025-01-10 15:00:00,,A,5.2,26.85,768.3,374.6,0.685,0,0,0,0,0.1286,0,0
2025-01-10 15:10:00,,D,7.04,30.2,798.0,378.6,0.547,0,0,0,0,0.0986,0,0
2025-01-10 15:20:00,,D,2.3,47.65,769.3,375.9,0.464,0,0,0,0,0.128,0,0
2025-01-10 15:30:00,,A,9.75,18.05,767.2,370.3,1.493,0,0,0,0,0.0687,0,0
2025-01-10 15:40:00,,A,4.84,24.49,814.1,386.2,1.301,0,0,0,0,0.1,0,0
2025-01-10 15:50:00,,A,2.03,19.93,823.0,382.3,0.43,0,0,0,0,0.051,0,0
2025-01-10 16:00:00,,E,2.58,29.86,745.8,373.9,0.29,0,0,0,0,0.0444,0,0
2025-01-10 16:10:00,,A,6.51,25.89,775.1,398.0,0.357,0,0,0,0,0.0703,0,0
2025-01-10 16:20:00,,D,4.38,24.01,754.1,376.5,0.741,0,0,0,0,0.1258,0,0
2025-01-10 16:30:00,,B,8.79,39.51,762.3,373.2,0.304,0,0,0,0,0.0462,0,0
2025-01-10 16:40:00,,B,8.93,26.95,778.1,385.1,0.65,0,0,0,0,0.1052,0,0
2025-01-10 16:50:00,,D,2.96,26.29,761.9,389.6,0.888,0,0,0,0,0.1402,0,0
2025-01-10 17:00:00,,D,8.38,33.41,764.8,374.3,1.067,0,0,0,0,0.0754,0,0
2025-01-10 17:10:00,,E,5.12,12.07,773.8,397.4,0.384,0,0,0,0,0.1029,0,0
2025-01-10 17:20:00,,D,6.1,10.91,774.4,369.6,0.566,0,0,0,0,0.1434,0,0
2025-01-10 17:30:00,,A,6.58,38.86,775.7,376.0,1.069,0,0,0,0,0.0524,0,0
2025-01-10 17:40:00,,A,2.26,49.13,769.1,366.6,0.97,0,0,0,0,0.046,0,0
2025-01-10 17:50:00,,B,7.32,29.31,747.9,389.0,0.691,0,0,0,0,0.0284,0,0
2025-01-10 18:00:00,,D,9.56,44.11,786.7,368.2,0.572,0,0,0,0,0.0234,0,0
2025-01-10 18:10:00,,D,6.13,52.83,796.5,379.2,0.749,0,0,0,0,0.0732,0,0
2025-01-10 18:20:00,,A,2.98,29.15,805.8,393.7,1.008,0,0,0,0,0.0854,0,0
2025-01-10 18:30:00,,A,8.43,30.42,801.3,387.0,0.628,0,0,0,0,0.0303,0,0
2025-01-10 18:40:00,,B,6.91,21.93,761.9,389.0,0.464,0,0,0,0,0.0987,0,0
2025-01-10 18:50:00,,A,8.02,11.9,786.7,385.6,1.012,0,0,0,0,0.0847,0,0
2025-01-10 19:00:00,,D,7.05,43.79,738.3,380.7,0.763,0,0,0,0,0.0387,0,0
2025-01-10 19:10:00,,D,7.95,45.59,769.2,379.8,0.653,0,0,0,0,0.0522,0,0
2025-01-10 19:20:00,,A,2.63,25.83,824.3,380.8,1.178,0,0,0,0,0.1495,0,0
2025-01-10 19:30:00,,E,6.15,25.01,783.3,391.1,0.377,0,0,0,0,0.0843,0,0
2025-01-10 19:40:00,,E,4.39,15.38,752.4,381.4,0.346,0,0,0,0,0.0575,0,0
2025-01-10 19:50:00,,E,5.93,39.44,849.6,384.2,1.244,0,0,0,0,0.0641,0,0
2025-01-10 20:00:00,,D,8.19,31.7,774.8,387.3,0.808,0,0,0,0,0.0626,0,0
2025-01-10 20:10:00,,D,3.18,49.48,750.7,375.5,0.649,0,0,0,0,0.126,0,0
2025-01-10 20:20:00,,D,4.84,23.04,810.0,376.2,0.572,0,0,0,0,0.0952,0,0
2025-01-10 20:30:00,,B,6.91,34.47,807.5,394.6,0.358,0,0,0,0,0.1433,0,0
2025-01-10 20:40:00,,A,3.36,27.02,734.5,382.0,1.303,0,0,0,0,0.0874,0,0
2025-01-10 20:50:00,,D,9.21,26.52,814.4,372.0,1.312,0,0,0,0,0.1085,0,0
2025-01-10 21:00:00,,D,6.97,33.46,785.8,378.3,0.542,0,0,0,0,0.0653,0,0
2025-01-10 21:10:00,,D,4.12,29.56,758.6,380.8,0.341,0,0,0,0,0.1442,0,0
2025-01-10 21:20:00,,A,4.6,29.56,714.2,381.1,0.442,0,0,0,0,0.0515,0,0
2025-01-10 21:30:00,,B,6.79,11.28,781.9,396.3,1.418,0,0,0,0,0.0729,0,0
2025-01-10 21:40:00,,E,6.05,25.64,787.9,381.8,0.924,0,0,0,0,0.1387,0,0
2025-01-10 21:50:00,,B,4.72,44.05,782.5,391.8,1.45,0,0,0,0,0.0576,0,0
2025-01-10 22:00:00,,A,2.03,48.83,797.3,381.8,1.474,0,0,0,0,0.0451,0,0
2025-01-10 22:10:00,,A,4.44,37.38,731.3,376.9,0.57,0,0,0,0,0.0994,0,0
2025-01-10 22:20:00,,E,8.43,36.7,778.4,383.9,0.618,0,0,0,0,0.144,0,0
2025-01-10 22:30:00,,D,7.21,32.8,788.8,380.6,1.13,0,0,0,0,0.14,0,0
2025-01-10 22:40:00,,D,6.95,22.46,791.9,379.5,1.406,0,0,0,0,0.1387,0,0
2025-01-10 22:50:00,,B,8.54,34.52,752.6,371.9,0.472,0,0,0,0,0.1277,0,0
2025-01-10 23:00:00,,B,6.75,31.92,771.9,385.9,0.931,0,0,0,0,0.0867,0,0
2025-01-10 23:10:00,,E,6.18,31.7,743.3,384.1,0.388,0,0,0,0,0.0751,0,0
2025-01-10 23:20:00,,A,6.95,51.38,770.8,381.7,1.052,0,0,0,0,0.0687,0,0
2025-01-10 23:30:00,,E,4.87,46.0,795.7,398.4,0.475,0,0,0,0,0.1491,0,0
2025-01-10 23:40:00,,E,6.2,9.78,750.5,394.1,0.954,0,0,0,0,0.065,0,0
2025-01-10 23:50:00,,D,3.39,45.06,773.8,399.1,0.565,0,0,0,0,0.0287,0,0
2025-01-11 00:00:00,,A,5.31,18.02,734.9,389.9,1.356,0,0,0,0,0.0504,0,0
2025-01-11 00:10:00,,D,7.43,41.53,770.5,381.8,0.626,0,0,0,0,0.0924,0,0
2025-01-11 00:20:00,,B,6.64,50.15,768.6,368.0,0.823,0,0,0,0,0.1181,0,0
2025-01-11 00:30:00,,E,4.08,19.35,763.8,369.2,0.961,0,0,0,0,0.0705,0,0
2025-01-11 00:40:00,,D,3.38,39.93,760.4,374.2,1.018,0,0,0,0,0.0445,0,0
2025-01-11 00:50:00,,B,5.48,41.98,810.1,392.8,1.491,0,0,0,0,0.0823,0,0
2025-01-11 01:00:00,,B,7.46,18.63,764.3,393.2,0.626,0,0,0,0,0.0806,0,0
2025-01-11 01:10:00,,E,8.74,23.1,780.3,387.9,0.955,0,0,0,0,0.0959,0,0
2025-01-11 01:20:00,,E,4.41,33.91,715.0,374.4,1.119,0,0,0,0,0.1161,0,0
2025-01-11 01:30:00,,E,3.37,43.42,807.1,378.0,0.364,0,0,0,0,0.0244,0,0
2025-01-11 01:40:00,,A,9.16,24.53,789.6,386.8,0.863,0,0,0,0,0.1067,0,0
2025-01-11 01:50:00,,E,7.64,10.09,755.8,379.6,0.894,0,0,0,0,0.1107,0,0
2025-01-11 02:00:00,,E,8.62,13.68,774.5,396.1,0.597,0,0,0,0,0.0728,0,0
2025-01-11 02:10:00,,B,10.21,18.29,738.1,388.1,0.738,0,0,0,0,0.0919,0,0
2025-01-11 02:20:00,,A,7.05,42.94,747.9,408.3,1.417,0,0,0,0,0.1372,0,0
2025-01-11 02:30:00,,E,4.1,46.2,759.0,391.3,0.347,0,0,0,0,0.0469,0,0
2025-01-11 02:40:00,,B,7.92,12.44,767.5,395.3,1.319,0,0,0,0,0.0382,0,0
2025-01-11 02:50:00,,A,6.45,51.45,793.5,382.4,0.68,0,0,0,0,0.1206,0,0
2025-01-11 03:00:00,,A,7.15,18.1,766.0,387.3,0.76,0,0,0,0,0.052,0,0
2025-01-11 03:10:00,,A,2.55,15.9,749.9,380.4,0.672,0,0,0,0,0.0668,0,0
2025-01-11 03:20:00,,D,2.95,33.17,783.4,385.3,1.038,0,0,0,0,0.0216,0,0
2025-01-11 03:30:00,,E,4.6,14.57,759.4,387.2,0.487,0,0,0,0,0.0591,0,0
2025-01-11 03:40:00,,E,3.23,22.76,747.2,400.0,0.858,0,0,0,0,0.0376,0,0
2025-01-11 03:50:00,,A,9.24,21.76,741.3,386.0,1.336,0,0,0,0,0.0377,0,0
2025-01-11 04:00:00,,D,6.69,16.19,756.1,395.9,1.474,0,0,0,0,0.0564,0,0
2025-01-11 04:10:00,,E,4.71,49.8,840.4,398.8,1.451,0,0,0,0,0.0473,0,0
2025-01-11 04:20:00,,D,9.41,43.51,792.9,383.7,0.464,0,0,0,0,0.0784,0,0
2025-01-11 04:30:00,,E,6.81,34.18,750.9,387.0,1.255,0,0,0,0,0.0972,0,0
2025-01-11 04:40:00,,A,2.88,17.88,747.4,380.4,1.396,0,0,0,0,0.0338,0,0
2025-01-11 04:50:00,,A,4.39,28.44,773.6,371.5,1.061,0,0,0,0,0.0851,0,0
2025-01-11 05:00:00,,D,9.57,47.03,780.7,369.5,0.721,0,0,0,0,0.0653,0,0
2025-01-11 05:10:00,,A,5.18,37.2,802.4,383.1,1.047,0,0,0,0,0.0414,0,0
2025-01-11 05:20:00,,B,5.87,26.67,783.5,367.6,1.018,0,0,0,0,0.1348,0,0
2025-01-11 05:30:00,,E,7.07,25.31,767.3,390.4,1.358,0,0,0,0,0.0443,0,0
2025-01-11 05:40:00,,D,3.78,31.03,779.9,387.9,0.423,0,0,0,0,0.0424,0,0
2025-01-11 05:50:00,,D,9.76,32.92,749.5,373.8,0.781,0,0,0,0,0.0975,0,0
2025-01-11 06:00:00,,E,5.05,47.01,794.5,383.4,0.544,0,0,0,0,0.1325,0,0
2025-01-11 06:10:00,,A,5.53,16.95,799.6,369.2,0.836,0,0,0,0,0.0417,0,0
2025-01-11 06:20:00,,A,8.39,19.23,774.4,376.8,0.836,0,0,0,0,0.0548,0,0
2025-01-11 06:30:00,,D,6.31,40.41,741.8,380.4,0.554,0,0,0,0,0.1337,0,0
2025-01-11 06:40:00,,A,5.3,29.63,792.6,381.5,0.959,0,0,0,0,0.1023,0,0
2025-01-11 06:50:00,,B,7.37,42.85,738.2,379.2,1.449,0,0,0,0,0.058,0,0
2025-01-11 07:00:00,,D,8.59,42.19,764.1,368.1,0.605,0,0,0,0,0.0372,0,0
2025-01-11 07:10:00,,B,7.19,43.37,739.9,382.7,0.886,0,0,0,0,0.1024,0,0
2025-01-11 07:20:00,,A,5.22,41.62,743.1,388.8,1.463,0,0,0,0,0.1025,0,0
2025-01-11 07:30:00,,D,9.45,37.43,821.8,379.7,0.992,0,0,0,0,0.037,0,0
2025-01-11 07:40:00,,E,8.86,11.22,781.0,387.7,0.416,0,0,0,0,0.0756,0,0
2025-01-11 07:50:00,,B,9.44,23.67,729.6,390.2,1.118,0,0,0,0,0.0267,0,0
2025-01-11 08:00:00,,D,7.82,12.93,765.0,386.9,0.918,0,0,0,0,0.0647,0,0
2025-01-11 08:10:00,,A,9.93,27.24,778.0,391.3,1.392,0,0,0,0,0.0378,0,0
2025-01-11 08:20:00,,B,7.07,31.98,789.5,384.2,1.271,0,0,0,0,0.0775,0,0
2025-01-11 08:30:00,,B,2.6,14.03,740.6,387.8,0.648,0,0,0,0,0.031,0,0
2025-01-11 08:40:00,,D,7.94,33.05,741.7,385.2,0.721,0,0,0,0,0.1441,0,0
2025-01-11 08:50:00,,E,5.27,19.4,779.8,371.0,0.79,0,0,0,0,0.1291,0,0
2025-01-11 09:00:00,,E,4.75,44.45,791.8,379.2,0.376,0,0,0,0,0.0859,0,0
2025-01-11 09:10:00,,E,5.56,25.06,742.6,391.2,1.548,0,0,0,0,0.0402,0,0
2025-01-11 09:20:00,,D,4.8,34.6,750.3,375.8,0.386,0,0,0,0,0.0789,0,0
2025-01-11 09:30:00,,A,4.6,39.61,769.4,395.3,1.026,0,0,0,0,0.1218,0,0
2025-01-11 09:40:00,,D,3.54,22.04,787.4,385.2,0.672,0,0,0,0,0.095,0,0
2025-01-11 09:50:00,,A,6.15,33.26,780.5,379.7,0.993,0,0,0,0,0.035,0,0
2025-01-11 10:00:00,,A,2.41,28.05,802.9,402.4,1.031,0,0,0,0,0.0745,0,0
2025-01-11 10:10:00,,D,3.82,44.78,816.6,375.6,0.56,0,0,0,0,0.0871,0,0
2025-01-11 10:20:00,,A,10.12,21.79,771.4,383.5,0.52,0,0,0,0,0.101,0,0
2025-01-11 10:30:00,,E,4.86,53.1,781.4,384.4,1.38,0,0,0,0,0.0231,0,0
2025-01-11 10:40:00,,D,7.07,23.25,755.4,388.3,0.575,0,0,0,0,0.145,0,0
2025-01-11 10:50:00,,B,7.65,15.01,752.0,371.0,0.441,0,0,0,0,0.0324,0,0
2025-01-11 11:00:00,,B,6.72,13.01,793.1,392.5,1.307,0,0,0,0,0.0624,0,0
2025-01-11 11:10:00,,E,4.42,13.32,816.4,381.7,0.826,0,0,0,0,0.0897,0,0
2025-01-11 11:20:00,,B,5.08,13.92,772.0,395.4,0.568,0,0,0,0,0.1125,0,0
2025-01-11 11:30:00,,D,5.06,11.62,805.7,395.3,0.912,0,0,0,0,0.0323,0,0
2025-01-11 11:40:00,,A,8.47,43.47,819.5,391.0,1.013,0,0,0,0,0.0536,0,0
2025-01-11 11:50:00,,A,2.06,13.14,749.6,391.9,0.337,0,0,0,0,0.0799,0,0
2025-01-11 12:00:00,,B,8.7,30.82,752.1,391.9,0.613,0,0,0,0,0.0998,0,0
2025-01-11 12:10:00,,B,7.25,31.22,745.1,371.2,1.3,0,0,0,0,0.0524,0,0
2025-01-11 12:20:00,,A,10.01,30.31,798.0,376.1,0.508,0,0,0,0,0.1364,0,0
2025-01-11 12:30:00,,D,2.55,45.5,782.6,398.8,0.647,0,0,0,0,0.1261,0,0
2025-01-11 12:40:00,,A,8.62,48.27,837.3,368.4,0.564,0,0,0,0,0.0666,0,0
2025-01-11 12:50:00,,A,8.2,23.46,783.1,395.2,0.833,0,0,0,0,0.0428,0,0
2025-01-11 13:00:00,,A,2.73,32.14,773.3,374.5,1.258,0,0,0,0,0.0621,0,0
2025-01-11 13:10:00,,A,3.03,38.77,784.6,391.1,1.132,0,0,0,0,0.0962,0,0
2025-01-11 13:20:00,,D,4.5,49.01,816.8,374.9,1.404,0,0,0,0,0.1223,0,0
2025-01-11 13:30:00,,B,6.53,40.08,794.8,389.4,0.988,0,0,0,0,0.1306,0,0
2025-01-11 13:40:00,,A,3.33,37.31,800.9,385.4,0.384,0,0,0,0,0.1027,0,0
2025-01-11 13:50:00,,A,8.88,36.58,739.9,375.7,1.19,0,0,0,0,0.1137,0,0
2025-01-11 14:00:00,,A,5.01,39.43,753.7,383.1,0.917,0,0,0,0,0.1093,0,0
2025-01-11 14:10:00,,B,5.3,42.38,768.8,368.0,0.536,0,0,0,0,0.0298,0,0
2025-01-11 14:20:00,,A,5.2,37.81,754.9,372.9,0.34,0,0,0,0,0.0732,0,0
2025-01-11 14:30:00,,D,8.15,22.8,789.7,383.0,0.406,0,0,0,0,0.1271,0,0
2025-01-11 14:40:00,,E,3.71,21.78,773.4,375.5,0.877,0,0,0,0,0.0907,0,0
2025-01-11 14:50:00,,B,4.88,25.41,779.7,384.0,0.455,0,0,0,0,0.1105,0,0
2025-01-11 15:00:00,,A,2.59,51.36,735.5,382.4,0.724,0,0,0,0,0.0817,0,0
2025-01-11 15:10:00,,B,5.68,14.01,754.0,392.2,0.97,0,0,0,0,0.0356,0,0
2025-01-11 15:20:00,,E,3.83,41.78,703.2,392.1,1.398,0,0,0,0,0.0535,0,0
2025-01-11 15:30:00,,A,2.51,29.24,760.9,400.8,1.011,0,0,0,0,0.1216,0,0
2025-01-11 15:40:00,,A,5.53,42.49,815.3,372.1,0.615,0,0,0,0,0.0734,0,0
2025-01-11 15:50:00,,E,7.16,31.88,774.5,381.0,0.739,0,0,0,0,0.1343,0,0
2025-01-11 16:00:00,,B,2.3,25.05,775.5,381.2,1.259,0,0,0,0,0.0496,0,0
2025-01-11 16:10:00,,D,8.59,28.23,756.2,386.7,1.33,0,0,0,0,0.1163,0,0
2025-01-11 16:20:00,,D,8.32,22.38,805.1,399.6,0.346,0,0,0,0,0.1288,0,0
2025-01-11 16:30:00,,B,2.47,11.77,782.9,368.2,1.194,0,0,0,0,0.0515,0,0
2025-01-11 16:40:00,,E,7.05,36.51,795.8,400.3,1.114,0,0,0,0,0.0412,0,0
2025-01-11 16:50:00,,B,9.28,35.27,755.8,377.7,0.285,0,0,0,0,0.1385,0,0
2025-01-11 17:00:00,,B,7.07,42.29,801.6,379.1,0.735,0,0,0,0,0.0807,0,0
2025-01-11 17:10:00,,E,6.88,11.64,785.0,378.2,1.096,0,0,0,0,0.0826,0,0
2025-01-11 17:20:00,,D,9.28,18.87,796.7,373.3,1.308,0,0,0,0,0.1243,0,0
2025-01-11 17:30:00,,E,6.9,36.74,755.9,372.3,0.351,0,0,0,0,0.112,0,0
2025-01-11 17:40:00,,B,4.66,32.9,794.7,376.9,0.486,0,0,0,0,0.0582,0,0
2025-01-11 17:50:00,,E,2.86,20.96,729.1,383.5,0.74,0,0,0,0,0.1167,0,0
2025-01-11 18:00:00,,D,5.56,32.37,779.6,386.2,0.955,0,0,0,0,0.0453,0,0
2025-01-11 18:10:00,,A,8.59,25.14,793.1,379.4,1.031,0,0,0,0,0.1379,0,0
2025-01-11 18:20:00,,E,3.21,12.91,789.9,375.3,0.861,0,0,0,0,0.0949,0,0
2025-01-11 18:30:00,,B,6.41,42.92,796.0,388.4,0.342,0,0,0,0,0.0459,0,0
2025-01-11 18:40:00,,D,10.23,29.59,797.6,378.7,1.34,0,0,0,0,0.0854,0,0
2025-01-11 18:50:00,,D,3.41,42.42,800.4,375.5,1.628,0,0,0,0,0.0646,0,0
2025-01-11 19:00:00,,E,5.1,51.99,777.1,389.0,1.151,0,0,0,0,0.0677,0,0
2025-01-11 19:10:00,,A,4.92,35.94,745.5,386.8,0.379,0,0,0,0,0.0351,0,0
2025-01-11 19:20:00,,E,4.77,15.86,767.3,380.2,1.086,0,0,0,0,0.0378,0,0
2025-01-11 19:30:00,,A,6.5,34.09,814.8,386.7,1.331,0,0,0,0,0.0665,0,0
2025-01-11 19:40:00,,E,4.61,18.57,787.1,385.6,1.441,0,0,0,0,0.0394,0,0
2025-01-11 19:50:00,,A,7.71,12.77,729.3,387.8,0.358,0,0,0,0,0.1257,0,0
2025-01-11 20:00:00,,A,8.39,28.6,792.1,362.5,0.454,0,0,0,0,0.1363,0,0
2025-01-11 20:10:00,,D,8.71,13.89,758.5,388.4,1.385,0,0,0,0,0.124,0,0
2025-01-11 20:20:00,,B,2.89,46.92,738.3,392.2,1.137,0,0,0,0,0.0666,0,0
2025-01-11 20:30:00,,A,9.3,44.52,726.0,388.6,0.363,0,0,0,0,0.1051,0,0
2025-01-11 20:40:00,,A,7.35,30.53,811.3,378.5,0.921,0,0,0,0,0.106,0,0
2025-01-11 20:50:00,,B,5.73,35.89,774.4,387.5,1.414,0,0,0,0,0.0857,0,0
2025-01-11 21:00:00,,E,8.93,29.24,774.5,377.9,1.04,0,0,0,0,0.0797,0,0
2025-01-11 21:10:00,,E,2.76,28.24,842.7,373.6,0.966,0,0,0,0,0.1274,0,0
2025-01-11 21:20:00,,D,8.51,27.46,789.6,375.0,0.704,0,0,0,0,0.1132,0,0
2025-01-11 21:30:00,,D,7.21,14.59,753.9,393.7,0.918,0,0,0,0,0.1113,0,0
2025-01-11 21:40:00,,A,8.32,39.88,771.9,381.8,1.349,0,0,0,0,0.0448,0,0
2025-01-11 21:50:00,,D,3.12,28.85,757.9,375.8,1.48,0,0,0,0,0.0375,0,0
2025-01-11 22:00:00,,E,2.02,25.59,813.7,382.5,1.178,0,0,0,0,0.0335,0,0
2025-01-11 22:10:00,,D,6.52,28.19,776.2,398.7,0.818,0,0,0,0,0.0373,0,0
2025-01-11 22:20:00,,E,7.13,42.01,761.6,394.8,0.572,0,0,0,0,0.1093,0,0
2025-01-11 22:30:00,,B,10.61,38.06,773.6,385.1,0.904,0,0,0,0,0.0942,0,0
2025-01-11 22:40:00,,E,7.75,43.38,783.6,381.0,0.377,0,0,0,0,0.1221,0,0
2025-01-11 22:50:00,,D,7.57,17.14,781.4,377.8,1.084,0,0,0,0,0.1078,0,0
2025-01-11 23:00:00,,B,7.67,40.8,775.8,400.1,0.866,0,0,0,0,0.0606,0,0
2025-01-11 23:10:00,,A,2.03,18.78,757.9,397.7,1.033,0,0,0,0,0.1182,0,0
2025-01-11 23:20:00,,B,8.54,16.94,786.1,387.1,0.709,0,0,0,0,0.0369,0,0
2025-01-11 23:30:00,,D,2.1,29.03,785.3,385.5,1.221,0,0,0,0,0.0592,0,0
2025-01-11 23:40:00,,D,2.54,45.44,778.7,378.7,0.737,0,0,0,0,0.1062,0,0
2025-01-11 23:50:00,,D,5.3,18.76,760.8,388.4,1.102,0,0,0,0,0.0779,0,0
2025-01-12 00:00:00,,B,9.5,44.77,766.1,385.5,1.423,0,0,0,0,0.1244,0,0
2025-01-12 00:10:00,,E,5.64,21.3,746.1,389.2,0.925,0,0,0,0,0.1015,0,0
2025-01-12 00:20:00,,B,7.47,24.3,728.5,386.8,1.142,0,0,0,0,0.1171,0,0
2025-01-12 00:30:00,,B,1.98,39.41,767.5,391.5,1.449,0,0,0,0,0.073,0,0
2025-01-12 00:40:00,,E,6.98,37.07,755.7,378.0,0.997,0,0,0,0,0.1406,0,0
2025-01-12 00:50:00,,A,4.24,36.24,775.9,381.6,0.482,0,0,0,0,0.0486,0,0
2025-01-12 01:00:00,,E,8.58,34.16,814.3,374.9,1.085,0,0,0,0,0.1337,0,0
2025-01-12 01:10:00,,B,2.98,9.68,771.7,379.4,0.636,0,0,0,0,0.0736,0,0
2025-01-12 01:20:00,,B,3.34,19.43,779.2,373.3,1.498,0,0,0,0,0.0915,0,0
2025-01-12 01:30:00,,D,7.36,20.46,818.0,377.7,0.622,0,0,0,0,0.0291,0,0
2025-01-12 01:40:00,,B,4.24,22.7,757.2,376.8,0.845,0,0,0,0,0.0488,0,0
2025-01-12 01:50:00,,E,4.22,23.91,755.6,383.0,0.406,0,0,0,0,0.1039,0,0
2025-01-12 02:00:00,,A,8.89,30.87,774.8,374.2,0.318,0,0,0,0,0.0956,0,0
2025-01-12 02:10:00,,E,8.15,19.21,791.0,380.6,0.753,0,0,0,0,0.1359,0,0
2025-01-12 02:20:00,,D,3.0,24.55,764.4,409.8,1.122,0,0,0,0,0.0407,0,0
2025-01-12 02:30:00,,B,7.67,28.69,787.3,374.4,0.554,0,0,0,0,0.138,0,0
2025-01-12 02:40:00,,D,5.56,11.01,828.4,396.7,0.626,0,0,0,0,0.0941,0,0
2025-01-12 02:50:00,,E,6.75,23.28,739.2,388.3,0.699,0,0,0,0,0.1328,0,0
2025-01-12 03:00:00,,E,8.38,45.11,776.7,388.3,0.498,0,0,0,0,0.1262,0,0
2025-01-12 03:10:00,,B,5.62,24.53,797.1,379.1,0.568,0,0,0,0,0.0366,0,0
2025-01-12 03:20:00,,B,2.75,15.74,789.4,376.8,1.366,0,0,0,0,0.1146,0,0
2025-01-12 03:30:00,,D,8.83,17.84,758.2,374.7,1.014,0,0,0,0,0.1198,0,0
2025-01-12 03:40:00,,D,3.19,30.34,753.3,378.0,0.987,0,0,0,0,0.1274,0,0
2025-01-12 03:50:00,,A,3.28,42.24,747.9,395.7,1.438,0,0,0,0,0.0901,0,0
2025-01-12 04:00:00,,A,9.28,28.67,798.5,380.9,1.278,0,0,0,0,0.0966,0,0
2025-01-12 04:10:00,,A,5.15,20.4,712.6,378.3,0.303,0,0,0,0,0.1167,0,0
2025-01-12 04:20:00,,A,6.65,36.33,771.7,383.9,1.079,0,0,0,0,0.0751,0,0
2025-01-12 04:30:00,,D,7.57,48.33,786.0,387.6,0.931,0,0,0,0,0.1485,0,0
2025-01-12 04:40:00,,D,8.01,45.28,768.6,402.7,0.383,0,0,0,0,0.1241,0,0
2025-01-12 04:50:00,,A,3.27,49.64,764.7,386.3,0.57,0,0,0,0,0.0304,0,0
2025-01-12 05:00:00,,A,8.15,35.47,776.3,386.0,0.507,0,0,0,0,0.1306,0,0
2025-01-12 05:10:00,,D,3.56,38.16,776.1,378.0,1.554,0,0,0,0,0.0313,0,0
2025-01-12 05:20:00,,D,7.99,34.78,774.8,373.5,0.676,0,0,0,0,0.0653,0,0
2025-01-12 05:30:00,,D,3.44,46.15,766.6,368.0,0.902,0,0,0,0,0.0642,0,0
2025-01-12 05:40:00,,A,9.25,41.36,756.4,364.7,1.231,0,0,0,0,0.0797,0,0
2025-01-12 05:50:00,,E,8.0,42.77,773.5,389.1,1.356,0,0,0,0,0.0736,0,0
2025-01-12 06:00:00,,D,6.71,20.05,743.2,363.8,1.352,0,0,0,0,0.1363,0,0
2025-01-12 06:10:00,,D,3.49,41.02,775.6,378.8,0.598,0,0,0,0,0.1285,0,0
2025-01-12 06:20:00,,D,3.53,39.62,749.9,374.6,0.326,0,0,0,0,0.084,0,0
2025-01-12 06:30:00,,D,5.97,51.11,757.3,396.6,0.9,0,0,0,0,0.0903,0,0
2025-01-12 06:40:00,,D,5.09,47.66,746.3,378.0,0.531,0,0,0,0,0.0997,0,0
2025-01-12 06:50:00,,D,3.42,20.2,828.2,370.8,1.231,0,0,0,0,0.0675,0,0
2025-01-12 07:00:00,,E,4.28,33.83,781.6,382.1,0.802,0,0,0,0,0.1447,0,0
2025-01-12 07:10:00,,B,5.89,10.14,792.8,377.9,0.876,0,0,0,0,0.0526,0,0
2025-01-12 07:20:00,,A,5.15,41.86,756.9,374.0,0.654,0,0,0,0,0.0535,0,0
2025-01-12 07:30:00,,A,5.07,23.34,748.6,363.9,0.62,0,0,0,0,0.0623,0,0
2025-01-12 07:40:00,,E,8.04,34.78,818.9,380.4,1.328,0,0,0,0,0.0726,0,0
2025-01-12 07:50:00,,A,2.72,23.07,812.7,371.4,1.316,0,0,0,0,0.142,0,0
